{
    "accuracy": 0.3914285714285715,
    "loss": 1.6825591805435363
}