{
    "accuracy": 0.410952380952381,
    "loss": 1.7254585930279323
}