{
    "accuracy": 0.6752380952380952,
    "loss": 1.069464066198894
}