{
    "accuracy": 0.6695238095238095,
    "loss": 1.1577737842287337
}