{
    "accuracy": 0.6752380952380952,
    "f1_micro": 0.6752380952380952,
    "f1_macro": 0.5316045942888928,
    "precision": 0.6752380952380952,
    "recall": 0.6752380952380952,
    "loss": 0.9857193245774224
}