{
    "accuracy": 0.42000000000000004,
    "loss": 1.5847191014460156
}