{
    "accuracy": 0.45285714285714285,
    "f1_micro": 0.4528571428571429,
    "f1_macro": 0.31776908541194254,
    "precision": 0.45285714285714285,
    "recall": 0.45285714285714285,
    "loss": 1.5752736980716386
}