{
    "accuracy": 0.42571428571428577,
    "loss": 1.5942896937330564
}