{
    "accuracy": 0.430952380952381,
    "loss": 1.5718532715524947
}