{
    "accuracy": 0.4395238095238096,
    "loss": 1.5705419687997728
}