{
    "accuracy": 0.5704761904761905,
    "loss": 1.1688822167260307
}