{
    "accuracy": 0.5923809523809525,
    "loss": 1.1405257517738001
}