{
    "accuracy": 0.5766666666666667,
    "loss": 1.141212815330142
}