{
    "accuracy": 0.5752380952380953,
    "loss": 1.1395919400311652
}