{
    "accuracy": 0.6538095238095238,
    "loss": 1.0682401693293027
}