{
    "accuracy": 0.6466666666666666,
    "loss": 1.0664001461207158
}