{
    "accuracy": 0.6523809523809524,
    "loss": 1.0960316214710475
}