{
    "accuracy": 0.6704761904761906,
    "f1_micro": 0.6704761904761906,
    "f1_macro": 0.5606596749811036,
    "precision": 0.6704761904761906,
    "recall": 0.6704761904761906,
    "loss": 1.0105284942846213
}