{
    "accuracy": 0.6709523809523809,
    "loss": 1.042273439546781
}