{
    "accuracy": 0.656190476190476,
    "loss": 1.1734647222794592
}