{
    "accuracy": 0.5623809523809523,
    "loss": 1.1629026462989194
}