{
    "accuracy": 0.6661904761904762,
    "f1_micro": 0.6661904761904762,
    "f1_macro": 0.5563510959939532,
    "precision": 0.6661904761904762,
    "recall": 0.6661904761904762,
    "loss": 1.003453525687967
}