{
    "accuracy": 0.5661904761904761,
    "loss": 1.177073775409233
}