{
    "accuracy": 0.4414285714285715,
    "loss": 1.5696818520625433
}