{
    "accuracy": 0.4676190476190477,
    "f1_micro": 0.4676190476190477,
    "f1_macro": 0.33356557067271353,
    "precision": 0.4676190476190477,
    "recall": 0.4676190476190477,
    "loss": 1.5521561232351122
}