{
    "accuracy": 0.4414285714285715,
    "f1_micro": 0.4414285714285715,
    "f1_macro": 0.3095668934240363,
    "precision": 0.4414285714285715,
    "recall": 0.4414285714285715,
    "loss": 1.5696818520625433
}