{
    "accuracy": 0.43380952380952376,
    "loss": 1.5726147673669315
}