{
    "accuracy": 0.43380952380952376,
    "f1_micro": 0.4338095238095239,
    "f1_macro": 0.3048442932728647,
    "precision": 0.43380952380952376,
    "recall": 0.43380952380952376,
    "loss": 1.5726147673669315
}