{
    "accuracy": 0.4942857142857142,
    "loss": 1.4233919008856728
}