{
    "accuracy": 0.5028571428571429,
    "loss": 1.3412382475676992
}