{
    "accuracy": 0.40619047619047627,
    "loss": 1.732911162575086
}