{
    "accuracy": 0.41238095238095235,
    "loss": 1.684682148836908
}