{
    "accuracy": 0.40619047619047627,
    "f1_micro": 0.40619047619047627,
    "f1_macro": 0.2810498866213152,
    "precision": 0.40619047619047627,
    "recall": 0.40619047619047627,
    "loss": 1.732911162575086
}