{
    "accuracy": 0.41238095238095235,
    "f1_micro": 0.4123809523809524,
    "f1_macro": 0.29090854119425547,
    "precision": 0.41238095238095235,
    "recall": 0.41238095238095235,
    "loss": 1.684682148836908
}