{
    "accuracy": 0.42714285714285716,
    "f1_micro": 0.4271428571428572,
    "f1_macro": 0.318083522297808,
    "precision": 0.42714285714285716,
    "recall": 0.42714285714285716,
    "loss": 1.8492839137713115
}