{
    "accuracy": 0.6361904761904762,
    "loss": 1.031331710428709
}