{
    "accuracy": 0.6652380952380952,
    "loss": 1.0357855327427388
}