{
    "accuracy": 0.6566666666666665,
    "loss": 1.0362457754800007
}