{
    "accuracy": 0.6728571428571429,
    "f1_micro": 0.6728571428571429,
    "f1_macro": 0.5675651927437642,
    "precision": 0.6728571428571429,
    "recall": 0.6728571428571429,
    "loss": 0.9887884873542048
}