{
    "accuracy": 0.5895238095238096,
    "loss": 1.1278476750566846
}