{
    "accuracy": 0.6633333333333334,
    "loss": 1.0493713629919859
}