{
    "accuracy": 0.6576190476190475,
    "loss": 1.0996286493593028
}