{
    "accuracy": 0.6771428571428572,
    "loss": 0.9839736081305004
}