{
    "accuracy": 0.6695238095238095,
    "loss": 1.0034942109669958
}