{
    "accuracy": 0.6752380952380952,
    "loss": 0.9857193245774224
}