{
    "accuracy": 0.6761904761904761,
    "loss": 0.975353615624564
}