{
    "accuracy": 0.3804761904761905,
    "f1_micro": 0.3804761904761905,
    "f1_macro": 0.2707411186696901,
    "precision": 0.3804761904761905,
    "recall": 0.3804761904761905,
    "loss": 2.6929643505563337
}