{
    "accuracy": 0.6466666666666667,
    "loss": 1.0444904844409653
}