{
    "accuracy": 0.6395238095238096,
    "loss": 1.0719122770109346
}