{
    "accuracy": 0.6504761904761904,
    "f1_micro": 0.6504761904761905,
    "f1_macro": 0.5411069538926682,
    "precision": 0.6504761904761904,
    "recall": 0.6504761904761904,
    "loss": 1.0137203499674796
}