{
    "accuracy": 0.6766666666666666,
    "loss": 1.168619637943006
}