{
    "accuracy": 0.6657142857142856,
    "f1_micro": 0.6657142857142858,
    "f1_macro": 0.5513427815570673,
    "precision": 0.6657142857142856,
    "recall": 0.6657142857142856,
    "loss": 1.2287954563474548
}