{
    "accuracy": 0.6776190476190477,
    "loss": 1.1905399928562388
}