{
    "accuracy": 0.6647619047619048,
    "loss": 1.036236656820845
}