{
    "accuracy": 0.27476190476190476,
    "loss": 1.9886566979544504
}