{
    "accuracy": 0.4466666666666667,
    "loss": 1.574956895978678
}