{
    "accuracy": 0.4276190476190477,
    "loss": 1.5904691009294418
}